99,Caroline,Knight,2486 School House Road,Martha,Stott,468 Twin House Lane
99,Charles,Davis,2359 West Fork Drive,Gregory,Won,1146 Meadow Drive
99,Arthur,Stephenson,3405 Jewell Road,Raymond,Norman,2937 Black Stallion Road
99,William,Carey,91 School Street,Jane,Irish,582 Dogwood Road
99,Gerald,Wisner,4414 Cambridge Place,Anthony,Manley,258 Eastland Avenue
99,Gregory,Won,1146 Meadow Drive,Anthony,Manley,258 Eastland Avenue
99,Alan,Hiltz,3441 Peck Street,Titus,Beach,379 Weekley Street
99,William,Carey,91 School Street,Nola,Joyner,1872 Lyndon Street
99,Arron,Batz,4301 Doe Meadow Drive,Roger,Salls,1144 Kinney Street
99,Kenneth,Miller,2500 Westfall Avenue,Adrian,Wells,138 Kooter Lane
